,h1,h0_single,ensb_single,h0_complete,ensb_complete,h0_average,ensb_average,h0_ward,ensb_ward,full_ensb
0,0.136,0.30666666666666664,0.27466666666666667,0.33866666666666667,0.3293333333333333,0.3186666666666666,0.292,0.24933333333333335,0.2333333333333334,0.284
