,h1,h0_single,ensb_single,h0_complete,ensb_complete,h0_average,ensb_average,h0_ward,ensb_ward,full_ensb
0,0.030287511177601457,0.03155242550986462,0.02166410241236256,0.022705848487901862,0.024729649321321875,0.028158282775923832,0.02872087897138402,0.015434449203720314,0.02407396011369039,0.0290898989723619
